000001.png,E,159,77,39,49,55,55,53,51,53,55,83,155,255,255,255,255,151,74,60,114,177,180,179,179,179,180,190,218,255,255,255,255,148,77,97,191,252,255,255,255,255,255,255,255,255,255,255,255,151,84,136,255,255,255,255,255,255,255,255,255,255,255,255,255,148,80,133,255,255,255,255,255,255,255,255,255,255,255,255,255,147,78,96,188,252,255,255,255,255,255,255,255,255,255,255,255,150,73,59,112,178,178,180,182,178,183,201,228,255,255,255,255,154,67,39,67,83,76,81,85,76,86,129,192,255,255,255,255,137,71,82,162,227,229,230,231,229,231,237,246,255,255,255,255,138,74,93,182,251,255,255,255,255,255,255,255,255,255,255,255,149,81,96,183,251,255,255,255,255,255,255,255,255,255,255,255,160,89,96,176,251,255,255,255,255,255,255,255,255,255,255,255,142,76,84,164,250,255,255,255,255,255,255,255,255,255,255,255,147,77,60,98,135,137,137,139,141,135,139,162,196,255,255,255,191,123,106,127,106,105,121,130,110,128,139,162,196,255,255,255,255,197,203,238,172,170,212,232,173,239,255,255,255,255,255,255
000002.png,F,66,46,39,52,39,50,59,38,42,67,100,255,255,255,255,255,62,59,76,116,113,116,118,112,112,147,197,255,255,255,255,255,54,71,118,192,194,193,192,193,192,217,255,255,255,255,255,255,47,79,150,255,255,255,255,255,255,255,255,255,255,255,255,255,47,82,153,255,255,255,255,255,255,255,255,255,255,255,255,255,53,77,145,255,255,255,255,255,255,255,255,255,255,255,255,255,57,64,108,191,184,181,183,189,186,213,255,255,255,255,255,255,57,48,57,90,75,69,72,87,80,150,255,255,255,255,255,255,51,48,69,117,130,131,130,138,133,181,255,255,255,255,255,255,48,70,124,205,212,212,211,214,212,229,255,255,255,255,255,255,51,82,151,255,255,255,255,255,255,255,255,255,255,255,255,255,57,78,144,255,255,255,255,255,255,255,255,255,255,255,255,255,47,71,142,255,255,255,255,255,255,255,255,255,255,255,255,255,57,81,147,255,255,255,255,255,255,255,255,255,255,255,255,255,95,113,167,255,255,255,255,255,255,255,255,255,255,255,255,255,146,158,194,255,255,255,255,255,255,255,255,255,255,255,255,255
000003.png,A,255,255,255,255,255,161,138,177,255,255,255,255,255,255,255,255,255,255,255,240,183,98,78,132,255,255,255,255,255,255,255,255,255,255,255,227,114,66,49,89,204,245,255,255,255,255,255,255,255,255,250,209,68,90,77,67,114,227,255,255,255,255,255,255,255,255,223,154,51,182,167,93,76,219,255,255,255,255,255,255,255,255,206,121,45,197,198,117,57,169,231,255,255,255,255,255,255,255,188,92,73,206,226,159,60,115,202,255,255,255,255,255,255,247,162,68,136,224,255,209,84,71,176,255,255,255,255,255,255,197,112,75,231,250,255,219,118,57,165,255,255,255,255,255,255,155,72,52,129,144,147,131,84,40,110,199,255,255,255,255,255,125,54,58,82,96,96,89,80,51,73,150,255,255,255,255,239,105,66,114,136,143,135,128,131,92,66,119,244,255,255,255,141,83,129,235,238,239,238,237,233,151,73,82,181,255,255,255,79,77,152,255,255,255,255,255,253,220,108,62,120,255,255,255,64,97,174,255,255,255,255,255,255,255,146,71,81,255,255,255,85,131,198,255,255,255,255,255,255,255,175,99,67,255,255,255
000004.png,D,163,137,132,143,142,132,139,177,255,255,255,255,255,255,255,255,117,83,79,98,99,80,78,94,121,153,215,255,255,255,255,255,87,59,85,140,142,126,122,123,118,91,140,207,255,255,255,255,83,73,147,255,255,255,255,255,247,98,58,121,243,255,255,255,83,73,147,255,255,255,255,255,250,154,80,88,170,255,255,255,83,73,147,255,255,255,255,255,253,221,113,68,122,255,255,255,83,73,147,255,255,255,255,255,255,255,132,61,98,255,255,255,83,73,147,255,255,255,255,255,255,255,136,65,94,255,255,255,83,73,147,255,255,255,255,255,255,255,137,64,92,255,255,255,83,73,147,255,255,255,255,255,255,255,133,59,91,255,255,255,83,73,147,255,255,255,255,255,255,255,131,62,106,255,255,255,83,73,147,255,255,255,255,255,254,240,124,79,147,255,255,255,83,73,147,255,255,255,255,255,250,147,82,118,240,255,255,255,74,71,123,208,253,255,216,167,139,77,80,150,255,255,255,255,81,68,88,135,177,183,142,95,81,83,133,199,255,255,255,255,101,66,54,61,53,62,59,63,97,148,215,255,255,255,255,255
000005.png,B,127,71,42,51,50,51,53,62,89,134,194,255,255,255,255,255,135,76,61,97,102,104,102,98,90,92,154,255,255,255,255,255,136,76,90,174,179,180,178,170,152,83,101,197,255,255,255,255,128,73,121,255,255,255,255,255,255,112,56,103,255,255,255,255,129,80,128,255,255,255,255,255,255,124,72,118,255,255,255,255,126,78,105,206,248,255,255,246,191,93,101,204,255,255,255,255,125,70,69,130,179,182,179,169,108,72,131,255,255,255,255,255,129,63,38,66,93,86,74,62,43,69,143,237,255,255,255,255,138,77,75,145,220,231,198,140,100,67,81,129,255,255,255,255,133,74,104,218,250,255,242,217,200,127,75,58,255,255,255,255,135,77,122,255,255,255,255,255,255,170,85,29,255,255,255,255,142,85,127,255,255,255,255,255,255,175,92,34,255,255,255,255,132,73,119,255,255,255,255,255,255,148,68,42,255,255,255,255,129,73,77,142,156,154,150,147,139,89,75,102,255,255,255,255,176,110,78,94,112,107,100,96,91,113,147,182,255,255,255,255,255,169,121,128,137,130,122,118,126,207,255,255,255,255,255,255
000006.png,C,255,255,235,175,127,92,71,79,102,144,227,255,255,255,255,255,255,214,163,114,104,105,114,115,105,96,159,215,255,255,255,255,236,160,89,76,111,147,175,171,133,76,92,159,231,255,255,255,177,102,59,121,197,242,245,245,211,148,67,94,158,255,255,255,109,69,75,193,236,255,255,255,241,216,177,186,211,255,255,255,60,57,100,239,255,255,255,255,255,255,255,255,255,255,255,255,37,66,129,242,255,255,255,255,255,255,255,255,255,255,255,255,52,91,155,245,255,255,255,255,255,255,255,255,255,255,255,255,61,96,156,245,255,255,255,255,255,255,255,255,255,255,255,255,61,79,131,242,255,255,255,255,255,255,252,251,251,255,255,255,76,67,104,240,255,255,255,255,255,248,187,165,164,255,255,255,110,75,83,194,236,255,255,255,255,242,128,103,117,255,255,255,159,102,71,121,196,240,242,242,239,219,82,73,115,255,255,255,232,160,91,66,101,132,150,149,122,80,84,148,221,255,255,255,255,215,161,106,101,103,107,111,104,97,154,211,255,255,255,255,255,255,234,171,135,109,92,102,127,166,233,255,255,255,255,255
000007.png,A,255,255,255,255,255,227,116,104,142,232,255,255,255,255,255,255,255,255,255,255,224,169,77,73,119,227,255,255,255,255,255,255,255,255,255,255,192,113,51,53,98,204,243,255,255,255,255,255,255,255,255,255,176,93,75,79,100,145,205,255,255,255,255,255,255,255,255,255,165,82,112,114,108,103,178,255,255,255,255,255,255,255,248,221,140,84,160,169,144,83,147,232,250,255,255,255,255,255,232,139,94,102,222,251,219,93,110,174,239,255,255,255,255,255,224,99,77,115,227,255,225,104,94,139,232,255,255,255,255,240,194,69,64,110,182,200,178,93,74,106,225,255,255,255,255,211,143,48,58,94,100,100,92,66,50,75,216,253,255,255,255,178,94,66,133,208,210,210,195,137,86,69,144,208,255,255,255,158,69,97,180,255,255,255,244,202,132,76,93,176,255,255,241,143,64,141,208,255,255,255,255,255,178,94,62,150,246,255,140,93,78,201,243,255,255,255,255,255,199,127,58,112,183,255,177,161,163,237,255,255,255,255,255,255,229,185,112,150,206,255,255,255,255,255,255,255,255,255,255,255,255,239,174,206,255,255
000008.png,B,120,74,27,25,33,43,51,65,91,148,209,255,255,255,255,255,98,69,51,89,127,147,118,97,88,102,158,210,255,255,255,255,83,69,76,163,220,243,194,155,117,72,112,163,255,255,255,255,98,79,90,215,251,253,248,243,213,107,110,140,255,255,255,255,94,79,96,223,255,255,255,227,177,91,105,142,255,255,255,255,89,74,84,186,211,211,210,172,124,81,123,176,255,255,255,255,87,61,46,92,103,102,99,85,75,92,174,252,255,255,255,255,89,68,59,107,123,126,126,107,87,81,137,194,255,255,255,255,88,73,76,153,176,181,181,167,140,91,106,133,255,255,255,255,85,73,93,222,255,255,255,255,228,122,85,74,255,255,255,255,93,77,93,223,255,255,255,255,232,139,89,62,255,255,255,255,92,80,99,224,255,255,255,255,231,135,92,72,255,255,255,255,88,82,103,212,239,240,238,237,211,114,99,109,255,255,255,255,107,83,69,111,126,127,118,104,91,83,150,220,255,255,255,255,180,164,144,128,147,168,162,152,147,159,208,255,255,255,255,255,255,255,241,185,213,255,255,255,255,255,255,255,255,255,255,255
000009.png,O,255,255,255,255,205,154,146,144,162,236,255,255,255,255,255,255,255,226,191,164,140,124,130,127,127,149,168,193,243,255,255,255,230,181,123,93,107,132,147,143,130,113,103,119,201,238,255,255,153,117,89,121,184,240,242,241,240,238,140,55,105,186,255,255,104,89,95,184,230,255,255,255,255,255,175,93,85,169,255,255,67,76,114,227,255,255,255,255,255,255,212,151,76,140,223,255,39,79,141,232,255,255,255,255,255,255,253,214,65,86,145,255,43,125,216,247,255,255,255,255,255,255,255,217,66,83,137,255,44,149,255,255,255,255,255,255,255,255,255,219,73,87,136,255,43,147,251,254,255,255,255,255,255,255,253,218,83,96,141,255,44,94,162,236,255,255,255,255,255,255,216,155,67,99,152,255,73,79,114,227,255,255,255,255,255,255,188,110,69,128,197,255,128,97,95,210,242,245,245,246,245,241,160,84,96,177,255,255,224,152,85,110,144,172,177,178,171,138,99,93,192,236,255,255,255,209,155,122,121,128,128,130,129,119,135,170,238,255,255,255,255,255,238,172,130,103,97,99,108,134,198,255,255,255,255,255
000010.png,E,164,143,127,129,130,128,124,123,135,149,255,255,255,255,255,255,104,99,99,110,113,113,110,106,116,129,255,255,255,255,255,255,51,67,93,127,133,133,132,127,133,142,255,255,255,255,255,255,51,90,152,234,240,240,240,240,240,241,255,255,255,255,255,255,58,107,174,250,255,255,255,255,255,255,255,255,255,255,255,255,62,110,175,250,255,255,255,255,255,255,255,255,255,255,255,255,60,91,152,248,255,255,255,255,255,255,255,255,255,255,255,255,47,69,96,119,124,125,123,119,130,146,255,255,255,255,255,255,43,66,94,119,124,125,123,119,130,146,255,255,255,255,255,255,49,82,146,248,255,255,255,255,255,255,255,255,255,255,255,255,60,103,167,249,255,255,255,255,255,255,255,255,255,255,255,255,64,109,173,249,255,255,255,255,255,255,255,255,255,255,255,255,63,102,162,239,244,245,245,245,245,244,255,255,255,255,255,255,66,82,115,168,168,169,174,173,168,164,255,255,255,255,255,255,89,97,111,135,132,133,140,139,136,132,255,255,255,255,255,255,114,119,124,124,118,119,127,128,127,126,255,255,255,255,255,255
000011.png,D,139,132,127,127,131,134,135,153,197,255,255,255,255,255,255,255,78,84,93,106,115,119,117,120,138,171,234,255,255,255,255,255,25,49,83,122,135,138,135,127,108,93,187,235,255,255,255,255,29,76,145,230,240,241,241,240,177,80,97,173,255,255,255,255,24,79,156,245,255,255,255,255,208,127,77,127,205,255,255,255,23,78,155,245,255,255,255,255,231,182,74,92,154,255,255,255,32,78,150,244,255,255,255,255,254,235,81,68,114,255,255,255,35,80,150,244,255,255,255,255,255,238,90,74,113,255,255,255,34,81,153,245,255,255,255,255,255,238,89,76,118,255,255,255,30,83,157,245,255,255,255,255,255,237,80,74,128,255,255,255,30,83,158,245,255,255,255,255,255,237,80,86,156,255,255,255,33,84,157,245,255,255,255,255,229,176,75,116,203,255,255,255,38,82,149,235,244,243,242,241,181,86,74,156,255,255,255,255,36,62,103,160,164,158,150,139,107,70,118,190,255,255,255,255,68,82,105,137,133,124,115,118,131,154,190,226,255,255,255,255,105,112,123,138,127,117,110,131,185,255,255,255,255,255,255,255
000012.png,C,255,255,255,255,255,255,224,183,245,255,255,255,255,255,255,255,255,255,226,174,146,135,120,104,127,163,210,255,255,255,255,255,255,226,170,104,104,121,131,126,96,103,149,214,255,255,255,255,255,172,102,81,154,221,255,243,172,105,96,138,255,255,255,255,255,129,87,154,229,250,255,253,243,168,109,83,255,255,255,255,191,98,108,221,250,255,255,255,255,226,201,187,255,255,255,255,141,80,122,255,255,255,255,255,255,255,255,255,255,255,255,255,122,73,122,255,255,255,255,255,255,255,255,255,255,255,255,255,122,73,122,255,255,255,255,255,255,255,255,255,255,255,255,255,138,78,122,255,255,255,255,255,255,255,224,172,255,255,255,255,187,97,122,255,255,255,255,255,255,228,171,104,255,255,255,255,255,125,116,234,252,255,255,253,245,171,111,82,255,255,255,255,255,143,80,108,234,255,255,245,183,105,89,131,255,255,255,255,255,214,147,85,134,144,146,139,100,95,139,211,255,255,255,255,255,255,215,148,143,117,104,110,126,156,203,255,255,255,255,255,255,255,255,255,255,182,144,166,242,255,255,255,255,255,255,255
000013.png,2,255,212,155,117,90,74,78,94,128,199,255,255,255,255,255,255,255,191,115,123,136,153,127,107,95,181,255,255,255,255,255,255,246,159,65,136,199,255,194,128,53,154,247,255,255,255,255,255,160,121,89,184,236,255,235,174,59,109,163,255,255,255,255,255,160,150,149,223,255,255,255,197,62,89,127,255,255,255,255,255,246,245,245,252,255,255,255,197,62,95,138,255,255,255,255,255,255,255,255,255,255,255,207,142,55,131,204,255,255,255,255,255,255,255,255,255,242,221,150,102,85,177,255,255,255,255,255,255,255,255,255,255,201,108,83,109,202,237,255,255,255,255,255,255,255,235,207,187,151,102,129,174,245,255,255,255,255,255,255,255,255,206,141,106,111,146,215,255,255,255,255,255,255,255,255,255,255,177,95,168,207,219,242,255,255,255,255,255,255,255,255,255,221,143,66,176,225,229,229,229,229,243,255,255,255,255,255,255,154,103,54,128,166,178,178,178,178,220,255,255,255,255,255,255,133,92,47,78,94,100,100,100,100,147,186,255,255,255,255,255,122,86,43,43,43,43,43,43,43,92,133,255,255,255,255,255
000014.png,E,100,90,80,80,82,84,81,80,81,84,123,161,255,255,255,255,47,53,65,86,92,93,93,93,93,93,152,211,255,255,255,255,9,35,73,121,134,134,136,137,136,134,194,255,255,255,255,255,39,77,135,219,240,240,241,241,241,240,248,255,255,255,255,255,43,82,144,233,255,255,255,255,255,255,255,255,255,255,255,255,43,82,143,233,255,255,255,255,255,255,255,255,255,255,255,255,43,80,140,232,255,255,255,255,255,255,255,255,255,255,255,255,15,45,86,129,140,140,140,142,147,164,211,255,255,255,255,255,15,25,43,79,88,88,88,89,96,120,190,255,255,255,255,255,43,23,21,91,109,109,109,107,110,131,196,255,255,255,255,255,43,65,108,192,213,213,213,212,213,219,238,255,255,255,255,255,43,82,144,233,255,255,255,255,255,255,255,255,255,255,255,255,39,79,141,232,255,255,255,255,255,255,255,255,255,255,255,255,9,49,117,227,255,255,255,255,255,255,255,255,255,255,255,255,20,31,61,137,155,155,155,155,155,155,177,198,255,255,255,255,43,21,7,36,43,43,43,43,43,43,88,133,255,255,255,255
000015.png,B,122,101,80,80,82,85,85,129,186,241,255,255,255,255,255,255,87,78,75,101,109,108,98,103,122,164,215,255,255,255,255,255,57,62,82,144,160,156,141,108,81,89,173,255,255,255,255,255,57,78,124,220,243,243,241,196,134,66,152,255,255,255,255,255,57,80,129,230,255,255,255,236,189,77,128,206,255,255,255,255,57,82,132,230,255,255,255,241,198,87,127,196,255,255,255,255,57,87,140,232,255,255,255,205,142,87,163,252,255,255,255,255,57,63,80,128,140,140,140,110,82,89,173,255,255,255,255,255,57,52,57,95,104,103,103,79,60,76,153,227,255,255,255,255,57,58,75,140,153,150,150,118,79,52,108,170,255,255,255,255,57,74,113,204,225,225,225,215,188,117,101,102,255,255,255,255,57,80,129,230,255,255,255,255,233,144,96,69,255,255,255,255,57,79,128,230,255,255,255,251,225,138,93,69,255,255,255,255,57,73,117,227,255,255,255,218,164,93,97,118,255,255,255,255,57,61,80,140,158,160,162,147,126,102,143,190,255,255,255,255,57,50,43,43,48,54,56,78,105,127,194,255,255,255,255,255
000016.png,D,173,123,81,84,82,80,80,116,180,255,255,255,255,255,255,255,146,87,55,108,110,106,102,111,126,146,175,217,255,255,255,255,124,62,45,152,161,157,151,139,117,90,101,163,231,255,255,255,132,82,86,228,244,243,242,241,238,221,93,99,157,255,255,255,126,81,92,238,255,255,255,255,255,242,128,98,107,255,255,255,122,79,92,239,255,255,255,255,255,245,161,106,74,255,255,255,122,79,92,238,255,255,255,255,255,248,182,112,58,255,255,255,122,79,92,239,255,255,255,255,255,248,189,113,48,255,255,255,122,79,92,239,255,255,255,255,255,248,192,114,46,255,255,255,122,79,92,238,255,255,255,255,255,248,191,117,54,255,255,255,122,79,92,239,255,255,255,255,255,247,173,111,68,255,255,255,122,79,92,238,255,255,255,255,255,244,145,104,93,255,255,255,122,77,89,238,255,255,255,255,249,227,111,101,134,255,255,255,122,61,66,236,255,255,255,255,208,128,81,139,226,255,255,255,127,59,37,150,161,160,160,169,146,106,141,200,255,255,255,255,133,61,13,52,55,53,53,71,89,116,220,255,255,255,255,255
000017.png,5,255,182,125,132,126,126,133,137,191,255,255,255,255,255,255,255,255,146,69,102,101,101,105,115,180,255,255,255,255,255,255,255,237,114,40,113,118,118,119,130,188,255,255,255,255,255,255,255,181,113,102,229,239,239,239,240,247,255,255,255,255,255,255,255,153,122,137,247,255,255,255,255,255,255,255,255,255,255,255,255,133,121,139,215,219,220,226,247,255,255,255,255,255,255,255,255,118,100,99,134,130,134,155,229,255,255,255,255,255,255,255,255,75,72,84,123,123,111,95,140,200,255,255,255,255,255,255,255,122,126,139,166,168,154,127,95,146,223,255,255,255,255,255,255,255,255,255,255,255,255,244,95,95,161,255,255,255,255,255,255,255,255,255,255,255,255,243,73,79,161,255,255,255,255,255,255,169,195,226,253,255,243,211,68,99,199,255,255,255,255,255,255,53,107,174,237,242,214,157,79,143,255,255,255,255,255,255,255,124,102,100,144,147,126,88,107,177,255,255,255,255,255,255,255,198,173,147,132,133,140,155,181,219,255,255,255,255,255,255,255,255,255,228,152,151,188,255,255,255,255,255,255,255,255,255,255
000018.png,O,255,255,255,255,176,105,65,50,50,65,113,183,255,255,255,255,255,232,198,156,115,94,103,105,104,100,95,117,163,233,255,255,255,198,131,77,91,122,162,176,174,158,117,88,84,181,232,255,255,156,77,107,186,239,244,245,245,243,238,180,94,80,160,255,199,119,81,185,232,255,255,255,255,255,255,229,178,80,145,255,148,94,92,235,255,255,255,255,255,255,255,255,235,89,126,221,118,85,100,236,255,255,255,255,255,255,255,255,235,89,87,137,96,77,103,237,255,255,255,255,255,255,255,255,235,89,80,122,98,78,103,237,255,255,255,255,255,255,255,255,235,89,81,125,123,88,100,236,255,255,255,255,255,255,255,255,235,89,90,142,159,99,92,235,255,255,255,255,255,255,255,255,235,89,127,222,206,124,82,179,229,255,255,255,255,255,255,226,171,80,147,255,255,162,84,95,179,237,240,243,243,240,237,171,79,80,162,255,255,232,182,84,82,102,132,154,154,132,102,80,80,181,232,255,255,255,233,163,120,99,100,99,99,100,103,124,163,233,255,255,255,255,255,255,199,144,102,69,69,102,152,206,255,255,255,255
000019.png,5,255,139,0,0,15,43,15,12,39,158,255,255,255,255,255,255,255,147,23,54,77,94,83,81,93,182,255,255,255,255,255,255,255,158,53,128,162,167,174,175,168,215,255,255,255,255,255,255,255,159,59,174,224,226,228,228,226,242,255,255,255,255,255,255,229,147,68,199,255,255,255,255,255,255,255,255,255,255,255,255,178,125,79,202,255,255,255,255,255,255,255,255,255,255,255,255,162,101,37,106,136,136,136,150,182,224,255,255,255,255,255,255,152,94,30,67,83,83,83,92,113,182,237,255,255,255,255,255,148,130,118,186,215,215,215,173,74,124,179,255,255,255,255,255,194,191,193,236,255,255,255,204,85,100,128,255,255,255,255,255,247,251,255,255,255,255,255,212,112,92,87,255,255,255,255,255,171,209,255,255,255,255,255,208,98,95,107,255,255,255,255,255,128,158,199,238,255,255,225,169,77,116,160,255,255,255,255,255,118,96,86,204,255,255,165,95,51,155,246,255,255,255,255,255,194,153,107,135,145,141,116,118,157,213,255,255,255,255,255,255,255,202,132,84,59,53,83,142,241,255,255,255,255,255,255,255
000020.png,A,255,255,255,255,255,199,74,119,183,255,255,255,255,255,255,255,255,255,255,255,217,151,57,63,138,255,255,255,255,255,255,255,255,255,255,255,175,103,52,22,97,238,251,255,255,255,255,255,255,255,255,255,151,84,81,52,93,186,238,255,255,255,255,255,255,255,255,255,141,105,186,93,81,139,226,255,255,255,255,255,255,255,247,225,126,124,255,135,83,97,215,255,255,255,255,255,255,255,229,151,100,129,255,178,106,61,206,255,255,255,255,255,255,255,219,112,101,149,255,229,151,54,159,222,255,255,255,255,255,255,212,82,101,163,255,255,168,36,109,189,255,255,255,255,255,253,202,58,96,166,248,248,153,7,61,160,255,255,255,255,255,203,125,23,47,79,102,102,75,33,54,150,255,255,255,255,255,168,80,39,93,129,129,129,112,82,57,125,213,255,255,255,255,145,63,97,196,255,255,255,217,148,72,93,148,255,255,255,255,142,85,204,240,255,255,255,246,219,109,92,115,255,255,255,192,112,92,239,255,255,255,255,255,243,139,93,80,255,255,255,122,79,92,239,255,255,255,255,255,245,161,96,53,255,255,255
